{"root":[{"assemblyName":"Assembly-CSharp","nameSpace":"","className":"SteamManager","methodName":"InitOnPlayMode","loadTypes":4,"isUnityClass":false},{"assemblyName":"CitrioN.Common","nameSpace":"CitrioN.Common","className":"GlobalEventHandler","methodName":"Init","loadTypes":4,"isUnityClass":false},{"assemblyName":"CitrioN.Common","nameSpace":"CitrioN.Common","className":"ApplicationQuitListener","methodName":"Init","loadTypes":4,"isUnityClass":false},{"assemblyName":"CitrioN.SettingsMenuCreator","nameSpace":"CitrioN.SettingsMenuCreator","className":"LocalizationProvider","methodName":"Init","loadTypes":4,"isUnityClass":false},{"assemblyName":"CitrioN.SettingsMenuCreator","nameSpace":"CitrioN.SettingsMenuCreator","className":"SettingHolder","methodName":"Init","loadTypes":4,"isUnityClass":false},{"assemblyName":"CitrioN.SettingsMenuCreator","nameSpace":"CitrioN.SettingsMenuCreator","className":"SettingsCollection","methodName":"StaticInit","loadTypes":4,"isUnityClass":false},{"assemblyName":"CitrioN.StyleProfileSystem","nameSpace":"CitrioN.StyleProfileSystem","className":"StyleProfile","methodName":"StaticInit","loadTypes":4,"isUnityClass":false},{"assemblyName":"CitrioN.UI.Components","nameSpace":"CitrioN.UI","className":"ScrollRect_ExtendedScrolling","methodName":"Init","loadTypes":4,"isUnityClass":false},{"assemblyName":"CitrioN.UI.Panels","nameSpace":"CitrioN.UI","className":"UIPanelManager","methodName":"Initialize","loadTypes":4,"isUnityClass":false},{"assemblyName":"CitrioN.UI.Panels","nameSpace":"CitrioN.UI","className":"AbstractUIPanel","methodName":"StaticInit","loadTypes":4,"isUnityClass":false},{"assemblyName":"Unity.Collections","nameSpace":"","className":"__JobReflectionRegistrationOutput__1652832624114795843","methodName":"EarlyInit","loadTypes":2,"isUnityClass":true},{"assemblyName":"Unity.Collections","nameSpace":"","className":"$BurstDirectCallInitializer","methodName":"Initialize","loadTypes":2,"isUnityClass":true},{"assemblyName":"Unity.MemoryProfiler","nameSpace":"Unity.MemoryProfiler","className":"MetadataInjector","methodName":"PlayerInitMetadata","loadTypes":3,"isUnityClass":true},{"assemblyName":"Unity.Rendering.LightTransport.Runtime","nameSpace":"","className":"__JobReflectionRegistrationOutput__16164947281921951637","methodName":"EarlyInit","loadTypes":2,"isUnityClass":true},{"assemblyName":"Unity.RenderPipelines.Core.Runtime","nameSpace":"UnityEngine.Experimental.Rendering","className":"XRSystem","methodName":"XRSystemInit","loadTypes":3,"isUnityClass":true},{"assemblyName":"Unity.RenderPipelines.Core.Runtime","nameSpace":"UnityEngine.Rendering","className":"DebugUpdater","methodName":"RuntimeInit","loadTypes":0,"isUnityClass":true},{"assemblyName":"Unity.RenderPipelines.GPUDriven.Runtime","nameSpace":"","className":"__JobReflectionRegistrationOutput__15867191014387474753","methodName":"EarlyInit","loadTypes":2,"isUnityClass":true},{"assemblyName":"Unity.Sentis","nameSpace":"","className":"__JobReflectionRegistrationOutput__11752097146422213635","methodName":"EarlyInit","loadTypes":2,"isUnityClass":true},{"assemblyName":"Unity.Sentis","nameSpace":"","className":"$BurstDirectCallInitializer","methodName":"Initialize","loadTypes":2,"isUnityClass":true},{"assemblyName":"Unity.VisualScripting.Core","nameSpace":"Unity.VisualScripting","className":"RuntimeVSUsageUtility","methodName":"RuntimeInitializeOnLoadBeforeSceneLoad","loadTypes":1,"isUnityClass":true}]}
